filename,expected_count
file1.csv,100
file2.csv,200
file1.csv,100
file2.csv,200
file1.csv,100
file2.csv,200
file1.csv,100
file2.csv,200
file1.csv,100
file2.csv,200
file1.csv,100
file2.csv,200
file1.csv,100
file2.csv,200
file1.csv,100
file2.csv,200
file1.csv,100
file2.csv,200
file1.csv,100
file2.csv,200
file1.csv,100
file2.csv,200
file1.csv,100
file2.csv,200
file1.csv,100
file2.csv,200
file1.csv,100
file2.csv,200
file1.csv,100
file2.csv,200
file1.csv,100
file2.csv,200
file1.csv,100
file2.csv,200
file1.csv,100
file2.csv,200
file1.csv,100
file2.csv,200
file1.csv,100
file2.csv,200
file1.csv,100
file2.csv,200
file1.csv,100
file2.csv,200
file1.csv,100
file2.csv,200
file1.csv,100
file2.csv,200
file1.csv,100
file2.csv,200
file1.csv,100
file2.csv,200
file1.csv,100
file2.csv,200
file1.csv,100
file2.csv,200
file1.csv,100
file2.csv,200
file1.csv,100
file2.csv,200
file1.csv,100
file2.csv,200
file1.csv,100
file2.csv,200
file1.csv,100
file2.csv,200
file1.csv,100
file2.csv,200
file1.csv,100
file2.csv,200
file1.csv,100
file2.csv,200
file1.csv,100
file2.csv,200
file1.csv,100
file2.csv,200
file1.csv,100
file2.csv,200
file1.csv,100
file2.csv,200
file1.csv,100
file2.csv,200
file1.csv,100
file2.csv,200
file1.csv,100
file2.csv,200
file1.csv,100
file2.csv,200
file1.csv,100
file2.csv,200
file1.csv,100
file2.csv,200
file1.csv,100
file2.csv,200
file1.csv,100
file2.csv,200
file1.csv,100
file2.csv,200
file1.csv,100
file2.csv,200
